Workbook

Sheet Sheet1
B3: 주요자재 검수요청서
B7: 공 사 명 | D7: 청운교회 교육관 신축공사
B8: 문서번호 | D8: 26-04-01 | G8: 수 신 | H8: CMS
B9: 다음과 같이 자재를 | D9: 46114 | F9: 에 반입할 예정이오니 반입 시 검수하여 결과를 통보하여 주시기 바랍니다.
B11: 공 종 | D11: 건축
B12: 자 재 명 | D12: 단열재
B13: 규 격 | D13: 경질우레탄 일면준불연 90T, 130T, 180T
B14: 사 용 부 위 | D14: 지상3층 바닥
B15: 공 급 업 체 | D15: 경동원
B16: 반 입 량
D17: ■ 반입 총량 | E17: : | F17: =SUM(F18:F23) -> 222 | G17: =_xlfn.XLOOKUP($D$12,L:L,M:M,"없음") -> m2
D18: 90T | E18: =IF(D18<>"", ":", "") -> : | F18: 136 | G18: =IF(D18<>"",_xlfn.XLOOKUP($D$12,L:L,M:M,"없음"), "") -> m2
D19: 130T | E19: =IF(D19<>"", ":", "") -> : | F19: 12 | G19: =IF(D19<>"",_xlfn.XLOOKUP($D$12,L:L,M:M,"없음"), "") -> m2
D20: 180T | E20: =IF(D20<>"", ":", "") -> : | F20: 74 | G20: =IF(D20<>"",_xlfn.XLOOKUP($D$12,L:L,M:M,"없음"), "") -> m2
E21: =IF(D21<>"", ":", "") | G21: =IF(D21<>"",_xlfn.XLOOKUP($D$12,L:L,M:M,"없음"), "")
E22: =IF(D22<>"", ":", "") | G22: =IF(D22<>"",_xlfn.XLOOKUP($D$12,L:L,M:M,"없음"), "")
G23: =IF(D23<>"",_xlfn.XLOOKUP($D$12,L:L,M:M,"없음"), "")
B24: ※ 반입자재 송장사본 첨부(필요시 시험성적서 및 검사 체크리스트)
F26: =D9 -> 46114
H27: 현장 대리인 : 기 경 주
B30: 주요자재 검수결과통보
B31: 상기 자재에 대한 검수결과를 다음과 같이 통보하오니 보관 및 사용관리에 철저를 기하여 주시기 바랍니다.
B33: 검 수 자 | G33: 검 수 일 시
B34: 검 수 내 용
B35: 검 수 결 과
L42: 품명 | M42: 단위 | N42: 만지지마세요
L43: 철근 | M43: Ton
L44: 콘크리트 | M44: m3
L45: 시멘트 | M45: 포
L46: 커플러 | M46: 개
L47: H형강 | M47: Ton
L48: 레미탈 | M48: 포
L49: 시멘트벽돌 | M49: 개
L50: 시멘트블럭 | M50: 개
L51: 데크플레이트 | M51: m2
L52: 단열재 | M52: m2

Sheet 사진대지
A1: 사 진 대 지
A5: 날 짜 | D5: =Sheet1!F26 -> 46114 | F5: 장 소 | G5: 현장 내
A6: 내 용 | D6: 단열재 규격
A10: 날 짜 | D10: =D5 -> 46114 | F10: 장 소 | G10: 현장 내
A11: 내 용 | D11: 단열재 규격
A12: 사 진 대 지
A16: 날 짜 | D16: =D5 -> 46114 | F16: 장 소 | G16: 현장 내
A17: 내 용 | D17: 단열재 반입
A21: 날 짜 | D21: =Sheet1!$D$9 -> 46114 | F21: 장 소 | G21: 현장 내
A22: 내 용 | D22: 단열재 반입
A23: 사 진 대 지
A27: 날 짜 | D27: =Sheet1!$D$9 -> 46114 | F27: 장 소 | G27: 현장 내
A28: 내 용
A32: 날 짜 | D32: =Sheet1!$D$9 -> 46114 | F32: 장 소 | G32: 현장 내
A33: 내 용
A34: 사 진 대 지
A38: 날 짜 | D38: =Sheet1!$D$9 -> 46114 | F38: 장 소 | G38: 현장 내
A39: 내 용
A43: 날 짜 | D43: =Sheet1!$D$9 -> 46114 | F43: 장 소 | G43: 현장 내
A44: 내 용
A45: 사 진 대 지
A49: 날 짜 | D49: =Sheet1!$D$9 -> 46114 | F49: 장 소 | G49: 현장 내
A50: 내 용
A54: 날 짜 | D54: =Sheet1!$D$9 -> 46114 | F54: 장 소 | G54: 현장 내
A55: 내 용
